{
  "random_forest": {
    "mse": 3.0381763727514226,
    "r2": -0.015614591387067334,
    "mae": 0.2839380080710902,
    "cv_mean": -0.03253625363781465,
    "cv_std": 0.021948916039585004,
    "training_time": 99.02061700820923,
    "predictions": "[-0.07426313 -0.00891332 -0.00891332 ... -0.00891332 -0.00891332\n -0.00891332]",
    "actual": "[-0.07183908  0.07204611  0.14409222 ... -0.1283697   0.06422608\n -0.32071841]"
  },
  "gradient_boosting": {
    "mse": 3.0410755169096206,
    "r2": -0.01658372969516808,
    "mae": 0.28214273532835954,
    "cv_mean": -0.07788832153180296,
    "cv_std": 0.06120564652645806,
    "training_time": 481.7414879798889,
    "predictions": "[-0.00367672 -0.00367672 -0.00367672 ...  0.05224922  0.05224922\n  0.05224922]",
    "actual": "[-0.07183908  0.07204611  0.14409222 ... -0.1283697   0.06422608\n -0.32071841]"
  },
  "ridge": {
    "mse": 3.0263757857669056,
    "r2": -0.01166984070178878,
    "mae": 0.29691562940943267,
    "cv_mean": -0.0055802724952841816,
    "cv_std": 0.0015827564890430231,
    "training_time": 0.003988981246948242,
    "predictions": "[ 0.04447559  0.02578166  0.02167766 ... -0.07207008 -0.07291159\n -0.08735835]",
    "actual": "[-0.07183908  0.07204611  0.14409222 ... -0.1283697   0.06422608\n -0.32071841]"
  },
  "linear_regression": {
    "mse": 3.0263821860061686,
    "r2": -0.011671980201142018,
    "mae": 0.29692243545099695,
    "cv_mean": -0.005594860510932757,
    "cv_std": 0.0015795967355163134,
    "training_time": 0.049925804138183594,
    "predictions": "[ 0.04452123  0.02575261  0.02167421 ... -0.07207038 -0.07288344\n -0.08741893]",
    "actual": "[-0.07183908  0.07204611  0.14409222 ... -0.1283697   0.06422608\n -0.32071841]"
  }
}