{
  "random_forest": {
    "mse": 5.770802812432821,
    "r2": -0.11489944653100803,
    "mae": 0.4356411117357582,
    "cv_mean": -1.0569438719520303,
    "cv_std": 0.8598274002606718,
    "training_time": 102.06455516815186,
    "predictions": "[-0.0070047  -0.00812628 -0.00033992 ... -0.00716905 -0.0112895\n -0.00983117]",
    "actual": "[ 0.02045408  0.         -0.18404908 ...  0.07619628  0.04569688\n  0.13717421]"
  },
  "gradient_boosting": {
    "mse": 5.142104825088125,
    "r2": 0.0065628631177712116,
    "mae": 0.37369962097304,
    "cv_mean": -1.3272149178995931,
    "cv_std": 0.7790824365934493,
    "training_time": 471.04568672180176,
    "predictions": "[-0.03691441 -0.02504989 -0.02657091 ...  0.04232932  0.06547846\n  0.02683317]",
    "actual": "[ 0.02045408  0.         -0.18404908 ...  0.07619628  0.04569688\n  0.13717421]"
  },
  "ridge": {
    "mse": 5.138285576907144,
    "r2": 0.007300728857000061,
    "mae": 0.33844349623898556,
    "cv_mean": -0.0064024896245437795,
    "cv_std": 0.006591482847633364,
    "training_time": 0.003988027572631836,
    "predictions": "[ 0.02438866  0.02472391  0.020397   ... -0.04626106 -0.04626265\n -0.04902425]",
    "actual": "[ 0.02045408  0.         -0.18404908 ...  0.07619628  0.04569688\n  0.13717421]"
  },
  "linear_regression": {
    "mse": 5.138286463554116,
    "r2": 0.0073005575598252825,
    "mae": 0.33845006838363245,
    "cv_mean": -0.006426273600407706,
    "cv_std": 0.0066094082521996125,
    "training_time": 0.11394095420837402,
    "predictions": "[ 0.0243825   0.0247178   0.0203905  ... -0.04626017 -0.04626189\n -0.04902367]",
    "actual": "[ 0.02045408  0.         -0.18404908 ...  0.07619628  0.04569688\n  0.13717421]"
  }
}