{
  "random_forest": {
    "mse": 0.42434324566014586,
    "r2": -0.007530644636773776,
    "mae": 0.12323941388241175,
    "cv_mean": -0.0803955084970902,
    "cv_std": 0.03581219133754731,
    "training_time": 95.49887752532959,
    "predictions": "[-0.00032553 -0.00032553 -0.00032553 ... -0.00032553 -0.00032553\n -0.00032553]",
    "actual": "[-0.02686006 -0.05372012  0.         ... -0.03157562  0.01578781\n  0.01578532]"
  },
  "gradient_boosting": {
    "mse": 0.43029685307218923,
    "r2": -0.02166646976211206,
    "mae": 0.12850933849742052,
    "cv_mean": -0.4038148654331272,
    "cv_std": 0.4222954163778132,
    "training_time": 472.37315225601196,
    "predictions": "[-0.00324925 -0.00324925 -0.00193676 ... -0.00324925 -0.00324925\n -0.00101579]",
    "actual": "[-0.02686006 -0.05372012  0.         ... -0.03157562  0.01578781\n  0.01578532]"
  },
  "ridge": {
    "mse": 0.42279391948024875,
    "r2": -0.003852033934826693,
    "mae": 0.12391949917249817,
    "cv_mean": -0.0010992575109220286,
    "cv_std": 0.0014176781215200608,
    "training_time": 0.015626907348632812,
    "predictions": "[0.01391419 0.01350563 0.01192394 ... 0.04369345 0.04361188 0.04436188]",
    "actual": "[-0.02686006 -0.05372012  0.         ... -0.03157562  0.01578781\n  0.01578532]"
  },
  "linear_regression": {
    "mse": 0.4224213862283634,
    "r2": -0.0029675172817178463,
    "mae": 0.12473443814851516,
    "cv_mean": -0.001999750514839397,
    "cv_std": 0.0017355275205859536,
    "training_time": 0.3058795928955078,
    "predictions": "[3.91505495e-03 1.11988811e-02 7.80254214e-05 ... 4.91634481e-02\n 4.36250009e-02 4.40562559e-02]",
    "actual": "[-0.02686006 -0.05372012  0.         ... -0.03157562  0.01578781\n  0.01578532]"
  }
}