{
  "random_forest": {
    "mse": 0.849511827798595,
    "r2": -0.7957096546496438,
    "mae": 0.1659160592726963,
    "cv_mean": -0.2814271179443117,
    "cv_std": 0.1389180745942212,
    "training_time": 119.27930808067322,
    "predictions": "[-0.00232284 -0.00232284 -0.00232284 ... -0.00153626 -0.00153626\n -0.00232284]",
    "actual": "[-0.01427705 -0.01784631  0.0178514  ... -0.06455361 -0.03874092\n  0.0581508 ]"
  },
  "gradient_boosting": {
    "mse": 0.5919792873238604,
    "r2": -0.2513338682461481,
    "mae": 0.14466312853777136,
    "cv_mean": -0.6683562467035671,
    "cv_std": 0.4668471304011037,
    "training_time": 526.1137828826904,
    "predictions": "[-0.00277372 -0.00041473 -0.00277372 ... -0.00656312 -0.00722306\n -0.0477587 ]",
    "actual": "[-0.01427705 -0.01784631  0.0178514  ... -0.06455361 -0.03874092\n  0.0581508 ]"
  },
  "ridge": {
    "mse": 0.4735067334922719,
    "r2": -0.0009049727736996083,
    "mae": 0.13990814708477048,
    "cv_mean": -0.007846870088044003,
    "cv_std": 0.01683712631129321,
    "training_time": 0.0049860477447509766,
    "predictions": "[-0.01233325 -0.00893658 -0.01195178 ...  0.0474154   0.05081207\n  0.04779687]",
    "actual": "[-0.01427705 -0.01784631  0.0178514  ... -0.06455361 -0.03874092\n  0.0581508 ]"
  },
  "linear_regression": {
    "mse": 0.4735073674272853,
    "r2": -0.0009063127941519866,
    "mae": 0.13991077615925013,
    "cv_mean": -0.00785445936202426,
    "cv_std": 0.016845634274245617,
    "training_time": 0.12190508842468262,
    "predictions": "[-0.01234183 -0.00892242 -0.01195464 ...  0.04740782  0.05082723\n  0.04779501]",
    "actual": "[-0.01427705 -0.01784631  0.0178514  ... -0.06455361 -0.03874092\n  0.0581508 ]"
  }
}