{
  "random_forest": {
    "mse": 2.7096558098938273,
    "r2": -0.25712173380293435,
    "mae": 0.3326745808773075,
    "cv_mean": -9.990936049884928,
    "cv_std": 7.196433080862721,
    "training_time": 103.7007577419281,
    "predictions": "[-0.0050104  -0.00491979 -0.0050104  ... -0.00389695 -0.00492964\n -0.00492964]",
    "actual": "[-0.03588088 -0.07896059  0.02155018 ... -0.03722731 -0.052126\n  0.04471272]"
  },
  "gradient_boosting": {
    "mse": 2.0183297137861924,
    "r2": 0.06361312019171295,
    "mae": 0.22149515740262724,
    "cv_mean": -5.801778265045052,
    "cv_std": 5.146772874329801,
    "training_time": 506.16468477249146,
    "predictions": "[-0.00468596 -0.00410312 -0.02133071 ... -0.00986689 -0.00416674\n -0.00411463]",
    "actual": "[-0.03588088 -0.07896059  0.02155018 ... -0.03722731 -0.052126\n  0.04471272]"
  },
  "ridge": {
    "mse": 2.150373535736464,
    "r2": 0.0023525136667107427,
    "mae": 0.22909216034408683,
    "cv_mean": -0.026977456851882464,
    "cv_std": 0.023799980789194687,
    "training_time": 0.0,
    "predictions": "[0.02499493 0.02446458 0.02503232 ... 0.03883917 0.03688597 0.0363032 ]",
    "actual": "[-0.03588088 -0.07896059  0.02155018 ... -0.03722731 -0.052126\n  0.04471272]"
  },
  "linear_regression": {
    "mse": 2.1509910856972936,
    "r2": 0.0020660066222982776,
    "mae": 0.22979003352862454,
    "cv_mean": -0.03541786152071199,
    "cv_std": 0.030497335083625083,
    "training_time": 0.07279181480407715,
    "predictions": "[0.02248162 0.0170783  0.02486023 ... 0.0477803  0.03082509 0.02532864]",
    "actual": "[-0.03588088 -0.07896059  0.02155018 ... -0.03722731 -0.052126\n  0.04471272]"
  }
}